"month","m2"
"2025-08-11 09:30:02.5466211",29.943849
